Date,Code,Open,Close,Volume
2018-10-18,FB,197.06,200.36,44215062
2018-10-18,GOOGL,1165.38,1175.34,34468324
2018-10-18,NFLX,253.55,251.41,35825483
2018-10-19,FB,195.23,200.18,1801796
2018-10-19,GOOGL,1111.53,1111.79,23404882
2018-10-19,NFLX,330.43,322.57,43700835
2018-10-22,FB,138.2,133.71,21781123
2018-10-22,GOOGL,1100.69,1103.86,19802429
2018-10-22,NFLX,310.48,317.99,13050229
2018-10-23,FB,196.7,200.66,29793923
2018-10-23,GOOGL,1183.4,1184.47,44554698
2018-10-23,NFLX,332.96,330.8,30053692
2018-10-24,FB,172.1,165.36,33542470
2018-10-24,GOOGL,1144.17,1138.24,49327334
2018-10-24,NFLX,327.76,328.14,12339919
2018-10-25,FB,167.94,163.88,41815590
2018-10-25,GOOGL,1119.13,1120.88,15088216
2018-10-25,NFLX,337.81,342.72,12826339
2018-10-26,FB,142.66,142.1,19923918
2018-10-26,GOOGL,1163.95,1169.64,31424653
2018-10-26,NFLX,318.65,323.36,46016323
2018-10-29,FB,123.61,128.19,1181668
2018-10-29,GOOGL,1169.1,1164.95,43626105
2018-10-29,NFLX,258.15,256.22,42288431
2018-10-30,FB,168.13,173.41,44848518
2018-10-30,GOOGL,1157.88,1156.89,16332300
2018-10-30,NFLX,281.4,277.74,35769256
2018-10-31,FB,107.32,102.89,2110209
2018-10-31,GOOGL,1173.54,1172.8,4246444
2018-10-31,NFLX,313.28,312.27,28712534
2018-11-01,FB,107.81,115.64,16810085
2018-11-01,GOOGL,1160.42,1170.19,22721719
2018-11-01,NFLX,330.61,326.85,23954124
2018-11-02,FB,197.8,190.84,44041027
2018-11-02,GOOGL,1175.3,1177.85,3504326
2018-11-02,NFLX,303.0,300.4,9347821
2018-11-05,FB,156.78,148.36,1343243
2018-11-05,GOOGL,1172.94,1162.98,24877745
2018-11-05,NFLX,304.55,301.6,26645217
2018-11-06,FB,149.24,139.95,49439923
2018-11-06,GOOGL,1111.17,1115.37,32385739
2018-11-06,NFLX,272.94,263.36,33830907
2018-11-07,FB,190.26,197.48,12910077
2018-11-07,GOOGL,1116.4,1121.56,47310118
2018-11-07,NFLX,327.93,320.09,6815768
2018-11-08,FB,115.55,119.8,25511146
2018-11-08,GOOGL,1181.36,1174.61,6986888
2018-11-08,NFLX,340.53,331.78,42947330
2018-11-09,FB,175.65,178.16,31689093
2018-11-09,GOOGL,1141.94,1137.58,4892086
2018-11-09,NFLX,269.79,275.22,30630791
2018-11-12,FB,115.51,123.58,38280238
2018-11-12,GOOGL,1131.72,1123.88,46467164
2018-11-12,NFLX,329.92,332.08,25412982
2018-11-13,FB,140.72,142.58,47220739
2018-11-13,GOOGL,1166.87,1164.89,9292531
2018-11-13,NFLX,308.07,311.54,40332645
2018-11-14,FB,145.95,148.33,21724483
2018-11-14,GOOGL,1146.37,1145.48,5876850
2018-11-14,NFLX,271.08,267.71,49474516
2018-11-15,FB,135.38,145.25,27799494
2018-11-15,GOOGL,1165.99,1174.04,45170895
2018-11-15,NFLX,280.93,281.98,17096415
2018-11-16,FB,178.47,186.5,41089560
2018-11-16,GOOGL,1149.96,1153.8,37283256
2018-11-16,NFLX,326.83,319.49,23984892
2018-11-19,FB,188.72,183.18,13973009
2018-11-19,GOOGL,1182.92,1182.79,39982546
2018-11-19,NFLX,329.8,332.08,3817389
2018-11-20,FB,194.89,193.38,10434063
2018-11-20,GOOGL,1184.39,1191.74,43028900
2018-11-20,NFLX,284.93,276.48,36156771
2018-11-21,FB,164.8,168.4,37535108
2018-11-21,GOOGL,1150.19,1145.87,4372330
2018-11-21,NFLX,314.72,318.4,1915219
2018-11-22,FB,184.65,188.99,38622014
2018-11-22,GOOGL,1195.73,1205.17,23587510
2018-11-22,NFLX,322.33,323.31,43478049
2018-11-23,FB,178.16,171.03,5110017
2018-11-23,GOOGL,1108.87,1104.01,29299715
2018-11-23,NFLX,327.31,321.87,26419271
2018-11-26,FB,136.1,137.8,39840484
2018-11-26,GOOGL,1121.45,1130.3,32975328
2018-11-26,NFLX,257.8,254.5,37069778
2018-11-27,FB,114.43,123.65,6823703
2018-11-27,GOOGL,1193.24,1199.44,7158749
2018-11-27,NFLX,297.89,292.51,29579832
2018-11-28,FB,112.13,112.71,21235604
2018-11-28,GOOGL,1122.24,1129.36,24435561
2018-11-28,NFLX,308.38,305.26,12799080
2018-11-29,FB,175.65,173.08,7382054
2018-11-29,GOOGL,1109.61,1115.82,19175055
2018-11-29,NFLX,321.3,317.47,28891384
2018-11-30,FB,136.68,127.89,29613558
2018-11-30,GOOGL,1153.6,1153.56,42009187
2018-11-30,NFLX,303.59,305.4,2264211
2018-12-03,FB,173.01,174.1,45526500
2018-12-03,GOOGL,1137.09,1129.82,8463843
2018-12-03,NFLX,273.18,283.06,26211207
2018-12-04,FB,198.95,195.59,46675395
2018-12-04,GOOGL,1196.54,1199.91,3265340
2018-12-04,NFLX,305.88,312.98,11219575
2018-12-05,FB,188.03,183.69,34833868
2018-12-05,GOOGL,1141.9,1145.8,7593033
2018-12-05,NFLX,327.38,334.81,39069749
2018-12-06,FB,151.79,160.35,37002766
2018-12-06,GOOGL,1153.65,1154.36,18832446
2018-12-06,NFLX,272.63,271.25,1730790
2018-12-07,FB,160.52,151.21,21139734
2018-12-07,GOOGL,1141.68,1147.34,36952131
2018-12-07,NFLX,264.39,261.31,3008565
2018-12-10,FB,179.23,186.95,28527993
2018-12-10,GOOGL,1139.29,1135.05,42074963
2018-12-10,NFLX,341.41,340.96,22547519
2018-12-11,FB,103.98,96.64,31053048
2018-12-11,GOOGL,1158.83,1159.28,38201915
2018-12-11,NFLX,270.55,274.65,43811508
2018-12-12,FB,102.78,100.5,37794179
2018-12-12,GOOGL,1174.71,1175.83,42217336
2018-12-12,NFLX,348.92,345.07,1444261
2018-12-13,FB,161.54,155.05,30677904
2018-12-13,GOOGL,1198.74,1205.01,35177882
2018-12-13,NFLX,306.8,299.95,39242694
2018-12-14,FB,146.58,146.12,3455755
2018-12-14,GOOGL,1109.75,1113.54,30814932
2018-12-14,NFLX,265.08,256.41,47783920
2018-12-17,FB,194.81,197.58,14337179
2018-12-17,GOOGL,1194.3,1197.25,43611839
2018-12-17,NFLX,281.19,280.16,25333895
2018-12-18,FB,184.46,181.16,16272823
2018-12-18,GOOGL,1161.29,1167.77,40190188
2018-12-18,NFLX,295.53,286.89,17801265
2018-12-19,FB,129.18,121.19,16470793
2018-12-19,GOOGL,1172.75,1171.57,36668721
2018-12-19,NFLX,317.44,317.61,44073325
2018-12-20,FB,101.23,107.71,34333264
2018-12-20,GOOGL,1120.58,1127.71,37640355
2018-12-20,NFLX,330.18,330.2,12507051
2018-12-21,FB,125.94,124.73,1714065
2018-12-21,GOOGL,1102.65,1096.73,31619465
2018-12-21,NFLX,295.63,303.05,12927069
2018-12-24,FB,130.88,132.2,20730723
2018-12-24,GOOGL,1125.7,1135.14,12772872
2018-12-24,NFLX,317.78,323.1,41042193
2018-12-25,FB,163.24,157.15,2501930
2018-12-25,GOOGL,1158.33,1166.21,42651379
2018-12-25,NFLX,322.81,324.12,16034607
2018-12-26,FB,157.3,157.01,8338207
2018-12-26,GOOGL,1112.88,1117.21,15625566
2018-12-26,NFLX,329.94,329.82,13320651
2018-12-27,FB,133.6,133.15,24006801
2018-12-27,GOOGL,1147.08,1152.41,28061245
2018-12-27,NFLX,296.79,297.26,18004760
2018-12-28,FB,179.05,175.93,9333974
2018-12-28,GOOGL,1128.53,1131.18,41551166
2018-12-28,NFLX,339.06,342.39,4958116
2018-12-31,FB,120.63,119.27,41071356
2018-12-31,GOOGL,1150.4,1159.76,22991951
2018-12-31,NFLX,279.63,289.37,39714063
2019-01-01,FB,199.9,206.75,3166904
2019-01-01,GOOGL,1169.85,1159.93,27812047
2019-01-01,NFLX,284.36,286.53,46513029
2019-01-02,FB,169.44,171.49,34657950
2019-01-02,GOOGL,1132.85,1125.83,15516665
2019-01-02,NFLX,295.45,293.63,13095505
2019-01-03,FB,183.36,181.85,47515319
2019-01-03,GOOGL,1147.84,1156.07,40147323
2019-01-03,NFLX,302.47,312.22,34696764
2019-01-04,FB,118.68,121.23,23192583
2019-01-04,GOOGL,1125.48,1117.63,8959613
2019-01-04,NFLX,289.45,298.7,12602780
2019-01-07,FB,144.92,154.69,49317105
2019-01-07,GOOGL,1188.2,1190.46,22981258
2019-01-07,NFLX,317.6,322.33,18226336
2019-01-08,FB,193.39,192.44,10724023
2019-01-08,GOOGL,1154.57,1161.22,13420664
2019-01-08,NFLX,272.44,282.22,26243545
2019-01-09,FB,161.39,153.27,30939239
2019-01-09,GOOGL,1167.87,1166.61,34986114
2019-01-09,NFLX,303.11,304.72,14024432
2019-01-10,FB,197.88,189.28,26361274
2019-01-10,GOOGL,1148.28,1142.28,49344675
2019-01-10,NFLX,277.68,275.03,30323799
2019-01-11,FB,162.02,156.51,47927932
2019-01-11,GOOGL,1138.33,1145.91,36472113
2019-01-11,NFLX,263.6,267.45,14469279
2019-01-14,FB,107.39,109.54,22048189
2019-01-14,GOOGL,1118.01,1113.93,28145669
2019-01-14,NFLX,305.32,315.1,43571928
2019-01-15,FB,133.92,129.15,46809361
2019-01-15,GOOGL,1143.24,1148.82,25526840
2019-01-15,NFLX,278.26,278.86,21667502
2019-01-16,FB,178.45,185.53,46984550
2019-01-16,GOOGL,1151.66,1151.92,26791117
2019-01-16,NFLX,296.54,299.37,20091209
2019-01-17,FB,177.69,181.74,39845838
2019-01-17,GOOGL,1143.89,1147.69,6571546
2019-01-17,NFLX,347.51,350.25,33125252
2019-01-18,FB,105.88,99.39,10845401
2019-01-18,GOOGL,1190.81,1197.67,13536354
2019-01-18,NFLX,281.52,283.95,46603810
2019-01-21,FB,151.95,142.03,4366573
2019-01-21,GOOGL,1157.72,1154.95,4716828
2019-01-21,NFLX,273.66,279.24,16836063
2019-01-22,FB,113.67,112.78,27077308
2019-01-22,GOOGL,1103.52,1112.57,20323380
2019-01-22,NFLX,328.46,327.59,32326555
2019-01-23,FB,149.53,152.97,46341321
2019-01-23,GOOGL,1146.93,1147.22,49461073
2019-01-23,NFLX,270.69,265.86,26568735
2019-01-24,FB,130.82,136.24,43873329
2019-01-24,GOOGL,1108.48,1104.3,44087296
2019-01-24,NFLX,292.76,299.35,16466028
2019-01-25,FB,109.85,100.51,39823008
2019-01-25,GOOGL,1156.65,1150.39,11667594
2019-01-25,NFLX,269.62,263.28,6793779
2019-01-28,FB,158.06,163.69,13365638
2019-01-28,GOOGL,1152.38,1158.53,6340944
2019-01-28,NFLX,332.7,334.02,13096310
2019-01-29,FB,127.95,135.15,12463472
2019-01-29,GOOGL,1115.07,1116.29,7055273
2019-01-29,NFLX,291.77,295.04,28746622
2019-01-30,FB,133.39,131.12,33448711
2019-01-30,GOOGL,1100.63,1101.12,15402722
2019-01-30,NFLX,328.84,336.45,29104730
2019-01-31,FB,124.43,122.63,25198572
2019-01-31,GOOGL,1190.31,1199.59,20313725
2019-01-31,NFLX,297.57,305.52,34673860
2019-02-01,FB,154.2,157.52,10146210
2019-02-01,GOOGL,1198.29,1189.32,31009076
2019-02-01,NFLX,349.0,342.57,47461323
2019-02-04,FB,133.83,142.94,27741879
2019-02-04,GOOGL,1126.02,1130.13,6735650
2019-02-04,NFLX,334.23,341.91,25339117
2019-02-05,FB,107.92,115.5,47137598
2019-02-05,GOOGL,1109.01,1102.23,33775983
2019-02-05,NFLX,309.26,303.41,9795166
2019-02-06,FB,136.8,143.12,20647159
2019-02-06,GOOGL,1132.82,1138.22,4889867
2019-02-06,NFLX,303.12,301.87,13059987
2019-02-07,FB,131.36,125.48,45134358
2019-02-07,GOOGL,1187.04,1181.82,30825769
2019-02-07,NFLX,310.12,306.63,17661770
2019-02-08,FB,190.46,188.23,8743381
2019-02-08,GOOGL,1127.28,1132.13,5277289
2019-02-08,NFLX,265.4,265.23,34056089
2019-02-11,FB,104.18,96.81,1052804
2019-02-11,GOOGL,1106.25,1102.2,13147710
2019-02-11,NFLX,268.07,277.86,4691334
2019-02-12,FB,193.86,191.38,18966122
2019-02-12,GOOGL,1132.18,1141.23,16157648
2019-02-12,NFLX,312.08,310.58,12974593
2019-02-13,FB,152.72,144.5,23703098
2019-02-13,GOOGL,1142.21,1143.44,15792865
2019-02-13,NFLX,343.93,341.64,37044726
2019-02-14,FB,158.63,160.5,33588514
2019-02-14,GOOGL,1195.31,1194.31,1250960
2019-02-14,NFLX,300.93,292.05,25876076
2019-02-15,FB,138.61,140.79,25315934
2019-02-15,GOOGL,1171.12,1167.72,39710488
2019-02-15,NFLX,261.5,263.35,2870843
2019-02-18,FB,170.08,165.35,9255850
2019-02-18,GOOGL,1170.08,1171.43,31069994
2019-02-18,NFLX,251.86,244.71,47461252
2019-02-19,FB,152.06,144.9,23855523
2019-02-19,GOOGL,1184.5,1182.04,11650306
2019-02-19,NFLX,340.77,336.78,42589764
2019-02-20,FB,188.13,185.64,22460249
2019-02-20,GOOGL,1199.58,1193.55,11154110
2019-02-20,NFLX,296.79,301.91,11388473
2019-02-21,FB,117.11,120.22,39450595
2019-02-21,GOOGL,1198.19,1199.48,15500255
2019-02-21,NFLX,283.48,284.67,10848216
2019-02-22,FB,140.88,140.93,15378765
2019-02-22,GOOGL,1145.84,1145.31,35561360
2019-02-22,NFLX,330.82,322.09,877888
2019-02-25,FB,183.1,173.14,4706310
2019-02-25,GOOGL,1114.72,1116.02,31459914
2019-02-25,NFLX,253.18,246.11,31485951
2019-02-26,FB,103.29,104.13,23694024
2019-02-26,GOOGL,1139.82,1131.55,10322821
2019-02-26,NFLX,302.53,308.1,31104416
2019-02-27,FB,156.43,161.05,26971433
2019-02-27,GOOGL,1178.54,1186.65,3275338
2019-02-27,NFLX,269.04,267.13,9524456
2019-02-28,FB,124.69,129.02,40376153
2019-02-28,GOOGL,1198.05,1194.42,46853120
2019-02-28,NFLX,303.75,299.89,35963343
2019-03-01,FB,148.52,149.71,35612156
2019-03-01,GOOGL,1186.3,1186.4,6945728
2019-03-01,NFLX,341.8,345.03,2862020
2019-03-04,FB,110.94,110.97,26607753
2019-03-04,GOOGL,1114.4,1106.57,23131443
2019-03-04,NFLX,311.42,317.91,10964981
2019-03-05,FB,182.39,174.83,45190860
2019-03-05,GOOGL,1156.49,1157.15,27526977
2019-03-05,NFLX,285.11,287.72,27286889
2019-03-06,FB,198.06,194.55,36081384
2019-03-06,GOOGL,1121.38,1118.35,21093307
2019-03-06,NFLX,326.67,327.86,41773803
2019-03-07,FB,103.73,108.82,39342972
2019-03-07,GOOGL,1164.3,1173.66,21253989
2019-03-07,NFLX,336.58,335.58,41832135
2019-03-08,FB,187.18,193.6,3261185
2019-03-08,GOOGL,1110.33,1116.36,47317031
2019-03-08,NFLX,274.26,270.78,1879971
2019-03-11,FB,145.12,135.35,8777380
2019-03-11,GOOGL,1133.74,1125.85,44255382
2019-03-11,NFLX,324.37,318.81,12720353
2019-03-12,FB,171.73,162.33,21089691
2019-03-12,GOOGL,1152.7,1150.12,27540122
2019-03-12,NFLX,290.36,281.63,28495611
2019-03-13,FB,138.93,133.03,32099836
2019-03-13,GOOGL,1164.85,1163.19,21288244
2019-03-13,NFLX,291.02,297.39,27073264
2019-03-14,FB,173.7,179.79,48582223
2019-03-14,GOOGL,1115.0,1117.09,15731097
2019-03-14,NFLX,254.44,245.97,43801559
2019-03-15,FB,189.89,185.63,30540772
2019-03-15,GOOGL,1186.96,1192.49,17284274
2019-03-15,NFLX,337.03,329.65,30832806
2019-03-18,FB,193.21,185.9,37269299
2019-03-18,GOOGL,1145.76,1151.49,23508230
2019-03-18,NFLX,299.88,307.89,41616952
2019-03-19,FB,117.22,117.91,49880947
2019-03-19,GOOGL,1195.38,1190.54,9751409
2019-03-19,NFLX,287.47,293.08,1161740
2019-03-20,FB,107.2,103.6,12995985
2019-03-20,GOOGL,1108.52,1115.68,43357154
2019-03-20,NFLX,347.37,339.59,36385092
2019-03-21,FB,115.91,111.76,15548168
2019-03-21,GOOGL,1141.72,1144.84,11467577
2019-03-21,NFLX,313.03,304.56,18914401
2019-03-22,FB,160.76,153.71,6626619
2019-03-22,GOOGL,1116.97,1125.52,49763344
2019-03-22,NFLX,310.86,320.7,32359765
2019-03-25,FB,190.66,182.59,45285062
2019-03-25,GOOGL,1146.44,1154.61,19084959
2019-03-25,NFLX,312.45,309.3,42101955
2019-03-26,FB,198.46,192.99,18465432
2019-03-26,GOOGL,1183.11,1192.9,36583976
2019-03-26,NFLX,329.08,321.56,26594941
2019-03-27,FB,136.96,146.09,13643568
2019-03-27,GOOGL,1140.41,1142.81,28571366
2019-03-27,NFLX,259.53,252.57,32431299
2019-03-28,FB,186.4,181.13,19431069
2019-03-28,GOOGL,1106.53,1112.58,48925997
2019-03-28,NFLX,327.22,324.43,11881839
2019-03-29,FB,199.76,197.76,49812078
2019-03-29,GOOGL,1148.87,1147.74,22149322
2019-03-29,NFLX,312.34,320.64,47103342
2019-04-01,FB,134.06,133.28,40303243
2019-04-01,GOOGL,1100.66,1110.37,26837234
2019-04-01,NFLX,255.49,262.41,31847012
2019-04-02,FB,125.43,117.54,34730244
2019-04-02,GOOGL,1123.26,1132.82,15885034
2019-04-02,NFLX,277.47,271.62,42584736
2019-04-03,FB,136.18,135.7,6885272
2019-04-03,GOOGL,1180.06,1185.51,13726015
2019-04-03,NFLX,346.12,347.82,26851836
2019-04-04,FB,150.53,144.94,38377752
2019-04-04,GOOGL,1145.79,1137.6,33106643
2019-04-04,NFLX,289.21,282.34,30849611
2019-04-05,FB,124.32,125.95,1473403
2019-04-05,GOOGL,1153.21,1162.57,42825479
2019-04-05,NFLX,285.89,291.95,23712491
2019-04-08,FB,186.42,187.15,45477829
2019-04-08,GOOGL,1166.41,1157.94,9670630
2019-04-08,NFLX,315.01,312.03,39225542
2019-04-09,FB,181.56,183.93,5462610
2019-04-09,GOOGL,1148.34,1141.37,8185160
2019-04-09,NFLX,317.82,326.47,40408810
2019-04-10,FB,118.28,112.9,16689791
2019-04-10,GOOGL,1188.1,1183.2,4065200
2019-04-10,NFLX,328.06,325.16,19228198
2019-04-11,FB,194.25,200.71,13586927
2019-04-11,GOOGL,1159.95,1158.22,37849935
2019-04-11,NFLX,318.99,320.01,17237668
2019-04-12,FB,156.78,153.6,14630608
2019-04-12,GOOGL,1136.73,1126.83,28721678
2019-04-12,NFLX,332.13,339.64,3775471
2019-04-15,FB,158.59,154.92,42050941
2019-04-15,GOOGL,1176.15,1169.98,39995579
2019-04-15,NFLX,252.34,255.18,7861746
2019-04-16,FB,170.47,176.85,19102328
2019-04-16,GOOGL,1123.32,1132.58,45136224
2019-04-16,NFLX,325.26,327.62,35092145
2019-04-17,FB,105.97,104.07,6233678
2019-04-17,GOOGL,1163.91,1162.29,25500541
2019-04-17,NFLX,341.92,343.96,6328538
2019-04-18,FB,149.45,142.46,27855408
2019-04-18,GOOGL,1169.41,1163.92,21920400
2019-04-18,NFLX,309.5,315.33,12625536
2019-04-19,FB,148.45,154.25,31648833
2019-04-19,GOOGL,1128.31,1124.17,24817733
2019-04-19,NFLX,251.57,242.03,47562113
2019-04-22,FB,155.43,155.81,7869174
2019-04-22,GOOGL,1107.73,1098.26,41279112
2019-04-22,NFLX,292.53,295.77,3410433
2019-04-23,FB,152.23,151.32,25008867
2019-04-23,GOOGL,1121.96,1128.88,33161607
2019-04-23,NFLX,333.51,327.88,5601539
2019-04-24,FB,157.73,150.45,41036235
2019-04-24,GOOGL,1171.72,1177.99,46591890
2019-04-24,NFLX,313.71,313.93,13263884
2019-04-25,FB,114.48,111.05,49314768
2019-04-25,GOOGL,1142.32,1139.18,42793675
2019-04-25,NFLX,293.14,284.1,29651952
2019-04-26,FB,169.26,169.43,26655706
2019-04-26,GOOGL,1124.23,1128.75,10862509
2019-04-26,NFLX,285.28,290.32,17992702
2019-04-29,FB,132.33,122.66,23555024
2019-04-29,GOOGL,1120.49,1126.3,18959681
2019-04-29,NFLX,343.67,335.87,44831799
2019-04-30,FB,135.93,133.82,10409361
2019-04-30,GOOGL,1185.59,1180.22,9532430
2019-04-30,NFLX,335.35,338.33,2925809
2019-05-01,FB,126.29,131.73,10013477
2019-05-01,GOOGL,1138.13,1139.15,6324415
2019-05-01,NFLX,284.84,280.91,7347074
2019-05-02,FB,159.98,162.37,33085932
2019-05-02,GOOGL,1193.27,1186.94,36140878
2019-05-02,NFLX,294.52,296.62,12522073
2019-05-03,FB,196.54,199.24,7071277
2019-05-03,GOOGL,1145.29,1148.38,5511093
2019-05-03,NFLX,300.35,298.49,24805244
2019-05-06,FB,116.34,125.12,1410093
2019-05-06,GOOGL,1115.02,1114.61,29977984
2019-05-06,NFLX,253.56,252.33,35674237
2019-05-07,FB,156.81,166.42,3141604
2019-05-07,GOOGL,1140.97,1138.09,12451013
2019-05-07,NFLX,285.45,287.46,28285082
2019-05-08,FB,172.1,181.06,17362839
2019-05-08,GOOGL,1172.48,1169.65,18808466
2019-05-08,NFLX,282.46,273.41,14846592
2019-05-09,FB,195.83,197.39,42208878
2019-05-09,GOOGL,1160.85,1166.34,23848069
2019-05-09,NFLX,332.4,327.69,30877908
2019-05-10,FB,166.39,176.31,13812454
2019-05-10,GOOGL,1134.75,1125.71,34385712
2019-05-10,NFLX,322.47,318.52,32806790
2019-05-13,FB,164.53,164.08,21752383
2019-05-13,GOOGL,1106.03,1096.08,6404327
2019-05-13,NFLX,262.75,266.85,4931733
2019-05-14,FB,160.41,153.42,5533430
2019-05-14,GOOGL,1168.28,1161.81,49136345
2019-05-14,NFLX,269.17,265.66,49141588
2019-05-15,FB,142.88,148.61,3203677
2019-05-15,GOOGL,1153.8,1149.49,10289674
2019-05-15,NFLX,305.27,295.53,24531974
2019-05-16,FB,195.25,194.59,19850470
2019-05-16,GOOGL,1187.73,1182.34,45302474
2019-05-16,NFLX,335.88,331.37,18899363
2019-05-17,FB,104.92,109.69,18499401
2019-05-17,GOOGL,1116.9,1120.29,27475650
2019-05-17,NFLX,257.31,248.98,44801269
2019-05-20,FB,102.68,92.99,896613
2019-05-20,GOOGL,1141.12,1141.84,27849491
2019-05-20,NFLX,293.52,285.74,20276185
2019-05-21,FB,176.65,176.93,40105580
2019-05-21,GOOGL,1153.74,1157.36,37148221
2019-05-21,NFLX,336.76,345.38,37146228
2019-05-22,FB,137.95,131.57,31660236
2019-05-22,GOOGL,1160.1,1168.91,8791776
2019-05-22,NFLX,339.59,344.17,6675085
2019-05-23,FB,101.01,95.65,10116604
2019-05-23,GOOGL,1123.25,1119.32,46243898
2019-05-23,NFLX,303.05,310.68,13465942
2019-05-24,FB,103.9,113.32,49399287
2019-05-24,GOOGL,1149.68,1145.38,31174889
2019-05-24,NFLX,328.69,329.87,32143079
2019-05-27,FB,145.49,139.45,35654986
2019-05-27,GOOGL,1139.65,1142.6,29438913
2019-05-27,NFLX,276.53,270.85,39339449
2019-05-28,FB,189.24,194.05,1229984
2019-05-28,GOOGL,1174.51,1179.04,34427777
2019-05-28,NFLX,316.0,312.96,9988633
2019-05-29,FB,198.36,200.92,5332083
2019-05-29,GOOGL,1140.92,1139.16,20173097
2019-05-29,NFLX,339.59,349.13,23221781
2019-05-30,FB,111.94,119.49,44194820
2019-05-30,GOOGL,1192.68,1194.77,30887893
2019-05-30,NFLX,316.37,316.46,34457446
2019-05-31,FB,174.07,178.48,35545668
2019-05-31,GOOGL,1107.64,1107.2,27625895
2019-05-31,NFLX,340.27,334.58,41818524
2019-06-03,FB,191.92,194.72,25661515
2019-06-03,GOOGL,1173.06,1167.11,13626555
2019-06-03,NFLX,329.05,325.42,44613450
2019-06-04,FB,193.03,193.77,19735594
2019-06-04,GOOGL,1113.47,1110.13,18567831
2019-06-04,NFLX,295.27,302.01,26755873
2019-06-05,FB,128.45,120.43,18103771
2019-06-05,GOOGL,1109.96,1113.87,2453332
2019-06-05,NFLX,349.23,339.39,2909153
2019-06-06,FB,165.41,161.48,36986264
2019-06-06,GOOGL,1197.25,1189.64,13452691
2019-06-06,NFLX,333.18,332.68,7798101
2019-06-07,FB,102.95,111.1,28166566
2019-06-07,GOOGL,1113.04,1108.95,44635409
2019-06-07,NFLX,257.18,255.99,26467634
2019-06-10,FB,116.71,119.21,7497444
2019-06-10,GOOGL,1126.82,1121.7,30732189
2019-06-10,NFLX,322.24,323.63,29433409
2019-06-11,FB,110.76,104.86,32080987
2019-06-11,GOOGL,1182.0,1173.5,48801038
2019-06-11,NFLX,321.29,315.34,31958052
2019-06-12,FB,107.94,101.82,9579624
2019-06-12,GOOGL,1158.05,1153.37,33990689
2019-06-12,NFLX,310.86,315.98,12646323
2019-06-13,FB,118.37,116.68,23579899
2019-06-13,GOOGL,1182.98,1183.6,42965279
2019-06-13,NFLX,292.87,299.79,40835291
2019-06-14,FB,193.73,185.2,28197982
2019-06-14,GOOGL,1167.7,1163.95,34062214
2019-06-14,NFLX,336.65,332.01,43848642
2019-06-17,FB,153.44,156.27,41214593
2019-06-17,GOOGL,1152.47,1157.19,21045517
2019-06-17,NFLX,284.36,294.09,836743
2019-06-18,FB,105.07,109.47,43061740
2019-06-18,GOOGL,1117.1,1122.47,25430940
2019-06-18,NFLX,320.8,315.91,9136292
2019-06-19,FB,170.01,174.46,17379387
2019-06-19,GOOGL,1150.82,1143.19,19196607
2019-06-19,NFLX,343.37,350.7,16578296
2019-06-20,FB,174.63,175.39,44846445
2019-06-20,GOOGL,1159.62,1163.17,28445156
2019-06-20,NFLX,287.46,289.85,35431907
2019-06-21,FB,134.15,137.41,40752699
2019-06-21,GOOGL,1128.07,1135.53,31506892
2019-06-21,NFLX,263.9,267.46,21175176
2019-06-24,FB,119.92,114.88,12147159
2019-06-24,GOOGL,1156.62,1164.47,19202059
2019-06-24,NFLX,272.23,263.55,1755948
2019-06-25,FB,122.86,130.6,6294197
2019-06-25,GOOGL,1137.92,1142.12,1372532
2019-06-25,NFLX,290.24,295.16,7988832
2019-06-26,FB,100.56,95.21,17120195
2019-06-26,GOOGL,1156.76,1154.93,13912148
2019-06-26,NFLX,260.5,257.53,6689000
2019-06-27,FB,168.29,160.86,9544413
2019-06-27,GOOGL,1191.24,1190.61,24641358
2019-06-27,NFLX,276.6,284.05,46507370
2019-06-28,FB,165.55,157.34,37343685
2019-06-28,GOOGL,1118.56,1124.03,41374716
2019-06-28,NFLX,346.98,343.52,32360738
2019-07-01,FB,130.59,123.74,28159906
2019-07-01,GOOGL,1116.42,1110.98,27281841
2019-07-01,NFLX,346.14,340.97,9073545
2019-07-02,FB,105.32,104.94,27451188
2019-07-02,GOOGL,1134.12,1127.23,2488878
2019-07-02,NFLX,313.18,311.53,23698982
2019-07-03,FB,183.31,181.74,28488939
2019-07-03,GOOGL,1180.81,1173.24,33174595
2019-07-03,NFLX,311.44,301.47,7039273
2019-07-04,FB,149.38,144.47,30451691
2019-07-04,GOOGL,1153.52,1157.93,5261238
2019-07-04,NFLX,275.52,271.28,7718951
2019-07-05,FB,158.33,167.09,39658983
2019-07-05,GOOGL,1140.03,1143.49,21754781
2019-07-05,NFLX,306.54,312.65,30143659
2019-07-08,FB,144.17,143.4,12578485
2019-07-08,GOOGL,1100.88,1101.98,38537233
2019-07-08,NFLX,329.85,333.37,1327183
2019-07-09,FB,120.81,114.19,36692631
2019-07-09,GOOGL,1138.06,1138.22,12027222
2019-07-09,NFLX,253.15,251.46,13540284
2019-07-10,FB,107.98,116.61,3544077
2019-07-10,GOOGL,1124.44,1123.16,24661412
2019-07-10,NFLX,303.49,311.67,23943239
2019-07-11,FB,190.19,188.09,39636167
2019-07-11,GOOGL,1168.27,1169.37,37939120
2019-07-11,NFLX,288.65,294.04,38762670
2019-07-12,FB,169.91,179.59,30454571
2019-07-12,GOOGL,1140.38,1138.89,42544943
2019-07-12,NFLX,334.26,340.97,47926224
2019-07-15,FB,198.15,199.18,29751054
2019-07-15,GOOGL,1166.95,1172.16,26461796
2019-07-15,NFLX,292.43,301.79,35118322
2019-07-16,FB,172.31,180.42,26748797
2019-07-16,GOOGL,1151.17,1147.03,31057593
2019-07-16,NFLX,330.29,322.41,28197784
2019-07-17,FB,175.89,183.68,3656620
2019-07-17,GOOGL,1162.63,1165.81,40899579
2019-07-17,NFLX,260.35,257.13,14717982
2019-07-18,FB,139.53,140.29,43934319
2019-07-18,GOOGL,1195.88,1191.54,2905368
2019-07-18,NFLX,288.82,287.63,32555479
2019-07-19,FB,120.84,116.4,45428945
2019-07-19,GOOGL,1159.89,1158.32,2983335
2019-07-19,NFLX,344.21,335.2,3072778
2019-07-22,FB,174.09,176.01,19388726
2019-07-22,GOOGL,1109.33,1100.36,27925937
2019-07-22,NFLX,316.0,310.74,39202467
2019-07-23,FB,108.01,110.78,35494544
2019-07-23,GOOGL,1112.48,1121.28,2314787
2019-07-23,NFLX,282.16,277.51,32676948
2019-07-24,FB,110.72,106.87,9954416
2019-07-24,GOOGL,1115.67,1116.54,24418086
2019-07-24,NFLX,270.54,273.93,2899592
2019-07-25,FB,165.67,165.89,19081927
2019-07-25,GOOGL,1127.13,1125.09,2808619
2019-07-25,NFLX,291.0,284.01,27002083
2019-07-26,FB,116.99,110.16,13185093
2019-07-26,GOOGL,1113.93,1109.73,9954189
2019-07-26,NFLX,328.85,338.27,30909336
2019-07-29,FB,182.87,176.67,9053827
2019-07-29,GOOGL,1113.31,1113.55,10166930
2019-07-29,NFLX,313.12,309.5,2926486
2019-07-30,FB,139.78,143.63,11143390
2019-07-30,GOOGL,1138.56,1143.38,30976557
2019-07-30,NFLX,340.51,341.1,35709260
2019-07-31,FB,134.65,133.46,24359290
2019-07-31,GOOGL,1114.87,1118.63,40261836
2019-07-31,NFLX,274.61,282.34,15015627
2019-08-01,FB,182.29,192.18,38231495
2019-08-01,GOOGL,1162.62,1156.64,32925704
2019-08-01,NFLX,321.42,314.83,14850648
2019-08-02,FB,125.92,124.99,35967479
2019-08-02,GOOGL,1105.43,1109.91,10181785
2019-08-02,NFLX,257.28,260.03,37227137
2019-08-05,FB,161.38,152.34,3658715
2019-08-05,GOOGL,1118.97,1123.03,23794266
2019-08-05,NFLX,276.68,283.67,41054820
2019-08-06,FB,115.76,122.61,46600550
2019-08-06,GOOGL,1129.25,1120.57,7219126
2019-08-06,NFLX,340.17,349.0,48770454
2019-08-07,FB,102.86,106.14,35572092
2019-08-07,GOOGL,1109.63,1112.2,11754446
2019-08-07,NFLX,339.5,330.07,28126770
2019-08-08,FB,132.13,133.94,49886883
2019-08-08,GOOGL,1135.12,1140.97,41191596
2019-08-08,NFLX,314.73,315.65,5019744
2019-08-09,FB,198.2,189.51,20610177
2019-08-09,GOOGL,1155.64,1152.71,5880354
2019-08-09,NFLX,344.81,346.1,6113482
2019-08-12,FB,150.72,154.43,3866337
2019-08-12,GOOGL,1170.2,1171.1,35023366
2019-08-12,NFLX,259.22,265.15,33901531
2019-08-13,FB,117.62,116.74,43514387
2019-08-13,GOOGL,1188.93,1182.58,6157735
2019-08-13,NFLX,324.38,324.79,22540864
2019-08-14,FB,159.44,163.81,22794158
2019-08-14,GOOGL,1124.46,1129.84,13029130
2019-08-14,NFLX,305.66,308.42,26294273
2019-08-15,FB,144.58,142.25,24996404
2019-08-15,GOOGL,1138.43,1142.7,22197030
2019-08-15,NFLX,257.3,260.28,24497580
2019-08-16,FB,148.27,154.28,37087742
2019-08-16,GOOGL,1193.34,1202.95,9349134
2019-08-16,NFLX,318.36,318.87,40476278
2019-08-19,FB,101.6,105.29,5600059
2019-08-19,GOOGL,1175.09,1179.93,37951466
2019-08-19,NFLX,289.02,290.57,43574204
2019-08-20,FB,107.56,109.78,28370858
2019-08-20,GOOGL,1129.67,1127.21,27757938
2019-08-20,NFLX,287.36,297.17,9231524
2019-08-21,FB,173.37,165.28,19950442
2019-08-21,GOOGL,1129.46,1121.52,11951144
2019-08-21,NFLX,314.95,322.41,40115974
2019-08-22,FB,148.34,147.78,29128262
2019-08-22,GOOGL,1110.87,1110.05,22366965
2019-08-22,NFLX,283.73,275.5,45129112
2019-08-23,FB,167.93,176.05,6514122
2019-08-23,GOOGL,1133.31,1139.42,41628216
2019-08-23,NFLX,346.49,343.33,18237425
2019-08-26,FB,183.04,186.89,1820919
2019-08-26,GOOGL,1174.61,1177.75,11018342
2019-08-26,NFLX,334.01,343.34,34019131
2019-08-27,FB,186.43,189.52,24080216
2019-08-27,GOOGL,1140.79,1146.17,41440550
2019-08-27,NFLX,343.16,350.18,4220208
2019-08-28,FB,123.51,125.68,42411985
2019-08-28,GOOGL,1183.24,1182.64,25574899
2019-08-28,NFLX,317.15,319.29,7355711
2019-08-29,FB,139.63,131.93,13326305
2019-08-29,GOOGL,1144.92,1154.39,35103849
2019-08-29,NFLX,301.92,302.54,27780167
2019-08-30,FB,165.05,165.66,40046152
2019-08-30,GOOGL,1189.56,1182.12,33956732
2019-08-30,NFLX,274.73,267.64,11823538
2019-09-02,FB,126.64,124.88,34945601
2019-09-02,GOOGL,1137.71,1145.93,16063787
2019-09-02,NFLX,332.49,335.64,48497398
2019-09-03,FB,122.94,128.7,16035007
2019-09-03,GOOGL,1181.37,1189.8,48318121
2019-09-03,NFLX,297.8,297.3,5817473
2019-09-04,FB,114.17,121.56,3723001
2019-09-04,GOOGL,1192.62,1189.98,45094847
2019-09-04,NFLX,346.13,354.58,44821967
2019-09-05,FB,153.37,149.75,36293867
2019-09-05,GOOGL,1116.29,1119.01,49941088
2019-09-05,NFLX,329.69,338.6,6824436
2019-09-06,FB,152.57,157.68,49151341
2019-09-06,GOOGL,1135.74,1131.06,28460233
2019-09-06,NFLX,315.69,322.79,30496445
2019-09-09,FB,192.79,190.02,46126456
2019-09-09,GOOGL,1166.23,1174.04,17312797
2019-09-09,NFLX,306.7,316.65,26831430
2019-09-10,FB,147.48,153.93,4767592
2019-09-10,GOOGL,1140.2,1136.74,29716392
2019-09-10,NFLX,319.91,311.95,2880597
2019-09-11,FB,198.02,201.43,49187304
2019-09-11,GOOGL,1150.17,1146.73,35055401
2019-09-11,NFLX,283.21,280.7,29565454
2019-09-12,FB,141.27,149.94,28532579
2019-09-12,GOOGL,1142.3,1137.13,22256151
2019-09-12,NFLX,305.42,295.56,30567887
2019-09-13,FB,194.66,204.54,4209013
2019-09-13,GOOGL,1121.83,1122.16,33893937
2019-09-13,NFLX,260.42,263.5,21813711
2019-09-16,FB,195.46,197.6,31887505
2019-09-16,GOOGL,1186.06,1184.99,4177005
2019-09-16,NFLX,284.1,289.62,45230655
2019-09-17,FB,127.12,127.07,33005805
2019-09-17,GOOGL,1136.2,1135.52,14351329
2019-09-17,NFLX,288.08,291.59,29158923
2019-09-18,FB,196.67,192.66,39795233
2019-09-18,GOOGL,1179.68,1184.9,27037028
2019-09-18,NFLX,343.12,350.86,45399140
2019-09-19,FB,185.73,190.06,13335392
2019-09-19,GOOGL,1138.0,1140.6,10396232
2019-09-19,NFLX,270.28,267.32,31726381
2019-09-20,FB,169.36,178.38,40556031
2019-09-20,GOOGL,1192.16,1186.88,8083063
2019-09-20,NFLX,332.55,334.28,33810001
2019-09-23,FB,127.46,137.29,30085899
2019-09-23,GOOGL,1136.29,1126.85,22986278
2019-09-23,NFLX,304.69,301.08,20534969
2019-09-24,FB,180.76,174.14,22598056
2019-09-24,GOOGL,1140.8,1147.75,11076869
2019-09-24,NFLX,285.47,278.45,45773956
2019-09-25,FB,143.91,145.13,9106264
2019-09-25,GOOGL,1120.83,1125.38,35265338
2019-09-25,NFLX,340.88,334.16,19600330
2019-09-26,FB,187.56,190.23,28958936
2019-09-26,GOOGL,1198.01,1201.27,18438146
2019-09-26,NFLX,265.86,271.31,3636679
2019-09-27,FB,116.28,117.08,40644260
2019-09-27,GOOGL,1172.12,1164.49,40090886
2019-09-27,NFLX,281.74,280.28,28402867
2019-09-30,FB,192.88,184.34,46266750
2019-09-30,GOOGL,1182.97,1176.93,39901312
2019-09-30,NFLX,286.88,285.64,21354281
2019-10-01,FB,162.56,170.95,7628917
2019-10-01,GOOGL,1147.95,1150.91,43356359
2019-10-01,NFLX,337.54,346.35,1597527
2019-10-02,FB,181.95,189.4,17195489
2019-10-02,GOOGL,1148.29,1139.55,17258958
2019-10-02,NFLX,314.22,322.22,3132156
2019-10-03,FB,186.92,186.05,37165532
2019-10-03,GOOGL,1189.06,1186.82,21539546
2019-10-03,NFLX,259.32,259.66,22862860
2019-10-04,FB,142.09,137.32,28676912
2019-10-04,GOOGL,1182.49,1178.24,6605021
2019-10-04,NFLX,332.98,339.79,3246035
2019-10-07,FB,192.95,193.03,23125615
2019-10-07,GOOGL,1133.37,1141.14,32907180
2019-10-07,NFLX,256.47,261.46,38509678
2019-10-08,FB,139.38,134.87,41005929
2019-10-08,GOOGL,1191.92,1188.66,8859553
2019-10-08,NFLX,273.54,270.72,6001755
2019-10-09,FB,126.97,125.01,10655223
2019-10-09,GOOGL,1147.17,1151.19,36606965
2019-10-09,NFLX,282.95,284.84,16552958
2019-10-10,FB,175.34,167.52,45154522
2019-10-10,GOOGL,1182.63,1180.03,5233119
2019-10-10,NFLX,325.52,329.72,38836520
2019-10-11,FB,145.26,151.33,30127175
2019-10-11,GOOGL,1187.22,1185.9,25366581
2019-10-11,NFLX,284.46,277.46,6812283
2019-10-14,FB,185.83,181.81,24225550
2019-10-14,GOOGL,1152.64,1142.85,34048084
2019-10-14,NFLX,328.09,329.86,48448131
2019-10-15,FB,110.06,105.71,16833954
2019-10-15,GOOGL,1178.63,1175.4,23015173
2019-10-15,NFLX,305.96,309.08,30606680
2019-10-16,FB,183.86,192.79,18820019
2019-10-16,GOOGL,1179.47,1188.25,13655309
2019-10-16,NFLX,341.4,332.72,7917408
2019-10-17,FB,110.93,111.19,38945401
2019-10-17,GOOGL,1179.28,1175.22,24559481
2019-10-17,NFLX,277.67,274.11,2665174
